{
  "portfolio": [
    {
      "id": 1,
      "category": "COMMERCIAL",
      "imageUrl": "https://images.unsplash.com/photo-1639001256840-4d8112807ecb?q=80&w=1635&auto=format&fit=crop&ixlib=rb-4.1.0&ixid=M3wxMjA3fDB8MHxwaG90by1wYWdlfHx8fGVufDB8fHx8fA%3D%3D"
    },
    {
      "id": 2,
      "category": "INDUSTRIAL",
      "imageUrl": "https://images.unsplash.com/photo-1627052428109-576e839d100a?q=80&w=1635&auto=format&fit=crop&ixlib=rb-4.1.0&ixid=M3wxMjA3fDB8MHxwaG90by1wYWdlfHx8fGVufDB8fHx8fA%3D%3D"
    },
    {
      "id": 3,
      "category": "COLLEGE ",
      "imageUrl": "https://images.unsplash.com/photo-1584750153892-38414eb8e76a?q=80&w=1635&auto=format&fit=crop&ixlib=rb-4.1.0&ixid=M3wxMjA3fDB8MHxwaG90by1wYWdlfHx8fGVufDB8fHx8fA%3D%3D"
    },
    {
      "id": 4,
      "category": "COLLEGE ",
      "imageUrl": "https://images.unsplash.com/photo-1584750153892-38414eb8e76a?q=80&w=1635&auto=format&fit=crop&ixlib=rb-4.1.0&ixid=M3wxMjA3fDB8MHxwaG90by1wYWdlfHx8fGVufDB8fHx8fA%3D%3D"
    },
    {
      "id": 5,
      "category": "COLLEGE",
      "imageUrl": "https://images.unsplash.com/photo-1584750153892-38414eb8e76a?q=80&w=1635&auto=format&fit=crop&ixlib=rb-4.1.0&ixid=M3wxMjA3fDB8MHxwaG90by1wYWdlfHx8fGVufDB8fHx8fA%3D%3D"
    }
    
  ]
}
